MolWt,NumValenceElectrons,NumRadicalElectrons,TPSA,NumAromaticRings,NumAliphaticRings,NumSaturatedRings,NumHeteroatoms,NumHeterocycles,NumRotatableBonds,NumSpiroAtoms,FractionCSP3,NumRings,NumAromaticCarbocycles,NumAromaticHeterocycles,NumAliphaticCarbocycles,NumAliphaticHeterocycles,NumSaturatedCarbocycles,NumSaturatedHeterocycles,NumHeavyAtoms,BalabanJ,BertzCT,MolLogP,MolMR,NumHDonors,NumHAcceptors,NumRotatableBonds
-0.48682284,-0.47727272,0.0,-0.55952483,0.5,0.0,-0.33333334,-0.44444445,0.0,-0.3809524,0.0,-0.88616604,0.0,0.5,0.0,0.5,0.0,0.0,0.0,-0.46666667,0.02750632,-0.42617965,0.07310066,-0.39425752,-0.6,-0.44444445,-0.3809524
0.40969056,0.4431818,0.0,0.024482014,0.0,-0.6666667,-0.33333334,0.11111111,-0.33333334,1.1904762,0.0,0.36926633,-1.0,0.0,0.0,0.0,-0.5,0.0,0.0,0.36666667,3.323171,0.5360082,1.5563669,0.5745889,-0.2,0.0,1.1904762
0.2591846,0.3068182,0.0,-0.084633365,0.0,-0.6666667,-0.33333334,0.0,-0.33333334,1.0952381,0.0,0.7103941,-1.0,0.0,0.0,0.0,-0.5,0.0,0.0,0.2,3.1020868,0.35910285,1.5384864,0.3856564,-0.2,-0.11111111,1.0952381
-0.4823638,-0.48863637,0.0,0.008136506,0.5,0.33333334,-0.33333334,-0.22222222,-0.33333334,-0.5714286,0.0,-0.81343883,0.33333334,0.5,0.0,1.5,-0.5,0.0,0.0,-0.46666667,-0.1749879,-0.4800702,-0.6338104,-0.49206108,0.2,-0.22222222,-0.5714286
0.31485388,0.36363637,0.0,0.00072651135,0.0,-0.6666667,-0.33333334,0.0,-0.33333334,1.1904762,0.0,0.53108335,-1.0,0.0,0.0,0.0,-0.5,0.0,0.0,0.26666668,3.510043,0.47329327,1.4043425,0.5100647,0.2,-0.22222222,1.1904762
